{
  "integrations": [
    {
      "id": "1099e554-73a3-430d-83c8-c394923c7862",
      "name": "Inbound from Chef (Generic Webhook)",
      "action": "CREATE_EVENT",
      "type": "INBOUND_WEBHOOK",
      "deployed": true,
      "form": "0a3c4544-f420-4c24-8d57-30b6e028e376",
      "script": "/** Inbound IB to parse the information coming from a Chef Automate Generic Webhook.  Link to Chef Notifier documentation for formatting instructions.\n*   http://chef-web-docs-notify.s3-website-us-west-2.amazonaws.com/config_rb_delivery.html#notifier-settings\n*/\n\nvar data;\n\n/**\n * Parse incoming data\n *\n * Data is passed into an inbound integration as JSON in the request\n * body.\n *\n * The following code snippets show how to retrieve these values and set them to the properties in the xMatters Form.\n * \n * The trigger object is a built-in object that you can use to populate an xMatters form\n * when you initiate an event.  You can set each property individually (see line trigger.properties.failure_snippet = data.failure_snippet;).\n * \n * Or if the properties are in the correct JSON format you can set the incoming data directly to all of the properties at\n * once (see line trigger.properties = data) .\n */\n\n//trigger.properties.failure_snippet = data.failure_snippet;\ndata = JSON.parse(request.body);\ntrigger.properties = data\n\n// Define recipients\nvar recipients = [];\n// Add a recipient targeting a user or group\nrecipients.push({\n    'targetName': 'chef'\n});\n\ntrigger.recipients = recipients;\n\n// Post trigger to form\nform.post(trigger);",
      "environment": "HOSTED"
    }
  ],
  "endpoints": [],
  "constants": []
}