{
  "integrations": [
    {
      "id": "667e738b-bd17-48b7-b2fe-6ec323bdee1f",
      "name": "Inbound from Chef (Slack)",
      "action": "CREATE_EVENT",
      "type": "INBOUND_WEBHOOK",
      "deployed": true,
      "form": "10b8c11a-3a38-46b4-84ed-3d4019365230",
      "script": "/*\n * To use functions that are defined in a shared library, import\n * the shared library using the require function. You can then\n * access the functions in the shared library. Shared library names\n * are case-sensitive.\n *\n * The following statements show how to use a function named 'myFunction'\n * that is included in a shared library named 'My Shared Library'.\n *\n * var mySharedLibrary = require('My Shared Library');\n * var message = mySharedLibrary.myFunction();\n */\n\nvar data;\n\n// If your data is posted as query string parameters or form post body\ndata1 = request.parameters.payload;\nconsole.log('Body from Chef' + data1);\ndata = JSON.parse(data1);\n\nvar statusf = data.text;\nvar status = statusf.substring(1,24);\n\n// Parse data from incoming payload and construct the trigger object\ntrigger.properties.host = data.attachments[0].fallback;\ntrigger.properties.status = status;\ntrigger.properties.summary = data.attachments[0].text;\n\n\n// Define recipients\nvar recipients = [];\n// Add a recipient targeting a user or group\nrecipients.push({\n    'targetName': 'chef'\n});\n\ntrigger.recipients = recipients;\n\n// Post trigger to form\nform.post(trigger);",
      "environment": "HOSTED"
    }
  ],
  "endpoints": [],
  "constants": []
}