{
  "integrations": [
    {
      "id": "a0810111-a068-4e51-aa37-892c22f5b9f4",
      "name": "Inbound from Chef (Generic Webhook)",
      "action": "CREATE_EVENT",
      "type": "INBOUND_WEBHOOK",
      "deployed": true,
      "form": "4b689d44-539f-4793-ad14-cc917d117c61",
      "script": "/*\n * To use functions that are defined in a shared library, import\n * the shared library using the require function. You can then\n * access the functions in the shared library. Shared library names\n * are case-sensitive.\n *\n * The following statements show how to use a function named 'myFunction'\n * that is included in a shared library named 'My Shared Library'.\n *\n * var mySharedLibrary = require('My Shared Library');\n * var message = mySharedLibrary.myFunction();\n */\n\nvar data;\n\ndata = JSON.parse(request.body);\ntrigger.properties = data\n\n// Define recipients\nvar recipients = [];\n// Add a recipient targeting a user or group\nrecipients.push({\n    'targetName': 'chef'\n});\n\ntrigger.recipients = recipients;\n\n// Post trigger to form\nform.post(trigger);",
      "environment": "HOSTED"
    }
  ],
  "endpoints": [],
  "constants": []
}